Name,City,Specialization
Golnar Mashhadi,Tehran,Orthodontist
Behrouz Zandi,Tehran,Prosthodontist
Nasrin Tabrizi,Tehran,Endodontist
Golnar Jafari,Tehran,Orthodontist
Sina Mashhadi,Tehran,General
Farhad Khosravi,Tehran,Prosthodontist
Farzaneh Tehrani,Tehran,Oral and Maxillofacial Surgeon
Golnar Mashhadi,Tehran,Endodontist
Nasrin Ghazvini,Tehran,Orthodontist
Behrouz Shirazi,Tehran,Prosthodontist
Behrouz Tehrani,Tehran,General
Nasrin Mashhadi,Tehran,Oral and Maxillofacial Surgeon
Simin Ghazvini,Tehran,General
Kaveh Zandi,Tehran,Prosthodontist
Farzaneh Tabrizi,Tehran,General
Behrouz Esfahani,Tehran,Orthodontist
Kaveh Esfahani,Tehran,Orthodontist
Leila Shirazi,Tehran,Prosthodontist
Simin Ghazvini,Tehran,General
Kaveh Jafari,Tehran,Oral and Maxillofacial Surgeon
Behrouz Tehrani,Tehran,Prosthodontist
Simin Khosravi,Tehran,General
Sina Esfahani,Tehran,Endodontist
Simin Mashhadi,Tehran,General
Leila Tabrizi,Tehran,Orthodontist
Behrouz Esfahani,Tehran,Oral and Maxillofacial Surgeon
Kaveh Khosravi,Tehran,Endodontist
Golnar Zandi,Tehran,Orthodontist
Farzaneh Razavi,Tehran,Oral and Maxillofacial Surgeon
Farzaneh Tabrizi,Tehran,Endodontist
Dariush Tehrani,Tehran,General
Leila Jafari,Tehran,Orthodontist
Sina Ghazvini,Tehran,Orthodontist
Farhad Mashhadi,Tehran,Prosthodontist
Farzaneh Esfahani,Tehran,General
Kaveh Razavi,Tehran,Endodontist
Golnar Tabrizi,Tehran,Oral and Maxillofacial Surgeon
Sina Khosravi,Tehran,Prosthodontist
Nasrin Razavi,Tehran,Prosthodontist
Leila Khosravi,Tehran,General
Sina Razavi,Tehran,General
Golnar Jafari,Mashhad,General
Kaveh Mashhadi,Mashhad,Oral and Maxillofacial Surgeon
Behrouz Mashhadi,Mashhad,Orthodontist
Behrouz Mashhadi,Mashhad,General
Farzaneh Jafari,Mashhad,General
Nasrin Mashhadi,Mashhad,General
Nasrin Razavi,Mashhad,General
Kaveh Zandi,Mashhad,Orthodontist
Nasrin Zandi,Mashhad,Prosthodontist
Farhad Ghazvini,Mashhad,General
Dariush Tehrani,Mashhad,Endodontist
Nasrin Khosravi,Mashhad,Prosthodontist
Simin Tabrizi,Mashhad,Endodontist
Kaveh Tehrani,Mashhad,Orthodontist
Leila Esfahani,Mashhad,General
Kaveh Zandi,Mashhad,Oral and Maxillofacial Surgeon
Sina Esfahani,Mashhad,General
Farzaneh Razavi,Mashhad,Endodontist
Leila Esfahani,Mashhad,Orthodontist
Farhad Ghazvini,Mashhad,General
Dariush Esfahani,Mashhad,General
Golnar Tabrizi,Mashhad,Orthodontist
Nasrin Mashhadi,Mashhad,Orthodontist
Leila Zandi,Mashhad,General
Farhad Ghazvini,Mashhad,Prosthodontist
Behrouz Tabrizi,Mashhad,Orthodontist
Golnar Jafari,Mashhad,Oral and Maxillofacial Surgeon
Leila Ghazvini,Mashhad,General
Dariush Zandi,Mashhad,Endodontist
Sina Ghazvini,Mashhad,Oral and Maxillofacial Surgeon
Farzaneh Zandi,Mashhad,Oral and Maxillofacial Surgeon
Nasrin Khosravi,Mashhad,General
Behrouz Mashhadi,Mashhad,Endodontist
Farzaneh Zandi,Mashhad,Prosthodontist
Dariush Ghazvini,Mashhad,Prosthodontist
Sina Mashhadi,Mashhad,Orthodontist
Behrouz Tehrani,Mashhad,Prosthodontist
Golnar Razavi,Mashhad,Oral and Maxillofacial Surgeon
Leila Esfahani,Mashhad,Endodontist
Farhad Esfahani,Mashhad,Endodontist
Farzaneh Zandi,Mashhad,Endodontist
Sina Tehrani,Mashhad,General
Dariush Ghazvini,Mashhad,Endodontist
Dariush Mashhadi,Mashhad,Endodontist
Kaveh Tehrani,Mashhad,Orthodontist
Nasrin Tehrani,Mashhad,General
Farhad Mashhadi,Mashhad,Prosthodontist
Farhad Jafari,Mashhad,Oral and Maxillofacial Surgeon
Nasrin Shirazi,Mashhad,Endodontist
Nasrin Ghazvini,Mashhad,Prosthodontist
Behrouz Khosravi,Mashhad,Orthodontist
Sina Razavi,Mashhad,General
Leila Ghazvini,Mashhad,Prosthodontist
Behrouz Tehrani,Mashhad,Orthodontist
Farzaneh Mashhadi,Mashhad,General
Nasrin Esfahani,Mashhad,Orthodontist
Dariush Razavi,Mashhad,Prosthodontist
Golnar Razavi,Mashhad,Orthodontist
Dariush Jafari,Isfahan,Oral and Maxillofacial Surgeon
Sina Mashhadi,Isfahan,Oral and Maxillofacial Surgeon
Sina Tabrizi,Isfahan,Endodontist
Farhad Mashhadi,Isfahan,Orthodontist
Behrouz Tabrizi,Isfahan,Endodontist
Nasrin Ghazvini,Isfahan,General
Farzaneh Zandi,Isfahan,General
Golnar Zandi,Isfahan,General
Farzaneh Esfahani,Isfahan,Orthodontist
Behrouz Tabrizi,Isfahan,Prosthodontist
Kaveh Esfahani,Isfahan,Endodontist
Behrouz Zandi,Isfahan,Orthodontist
Farhad Ghazvini,Isfahan,Prosthodontist
Sina Shirazi,Isfahan,Prosthodontist
Behrouz Shirazi,Isfahan,Prosthodontist
Farhad Khosravi,Isfahan,General
Farhad Khosravi,Isfahan,Oral and Maxillofacial Surgeon
Leila Tabrizi,Isfahan,Orthodontist
Kaveh Khosravi,Isfahan,Prosthodontist
Sina Ghazvini,Isfahan,Prosthodontist
Farhad Ghazvini,Isfahan,Oral and Maxillofacial Surgeon
Nasrin Tehrani,Isfahan,Orthodontist
Kaveh Tabrizi,Isfahan,General
Dariush Mashhadi,Isfahan,General
Dariush Ghazvini,Isfahan,Orthodontist
Sina Esfahani,Isfahan,Prosthodontist
Golnar Zandi,Isfahan,Endodontist
Dariush Tabrizi,Isfahan,Oral and Maxillofacial Surgeon
Behrouz Tabrizi,Isfahan,Prosthodontist
Farzaneh Shirazi,Isfahan,General
Sina Tabrizi,Isfahan,Orthodontist
Dariush Mashhadi,Isfahan,Orthodontist
Golnar Tabrizi,Isfahan,Prosthodontist
Farzaneh Ghazvini,Isfahan,General
Kaveh Tehrani,Isfahan,Prosthodontist
Behrouz Shirazi,Isfahan,General
Kaveh Shirazi,Isfahan,Oral and Maxillofacial Surgeon
Leila Mashhadi,Isfahan,Endodontist
Leila Shirazi,Isfahan,Orthodontist
Simin Shirazi,Isfahan,Prosthodontist
Sina Zandi,Isfahan,Orthodontist
Nasrin Razavi,Isfahan,General
Behrouz Zandi,Isfahan,Oral and Maxillofacial Surgeon
Farhad Esfahani,Isfahan,Orthodontist
Farzaneh Shirazi,Isfahan,Orthodontist
Farhad Zandi,Isfahan,Orthodontist
Behrouz Shirazi,Tabriz,General
Leila Mashhadi,Tabriz,Prosthodontist
Nasrin Shirazi,Tabriz,Orthodontist
Nasrin Ghazvini,Tabriz,Prosthodontist
Nasrin Ghazvini,Tabriz,Endodontist
Behrouz Razavi,Tabriz,Endodontist
Sina Razavi,Tabriz,Prosthodontist
Nasrin Tabrizi,Tabriz,Endodontist
Nasrin Razavi,Tabriz,Orthodontist
Behrouz Mashhadi,Tabriz,General
Sina Zandi,Tabriz,Oral and Maxillofacial Surgeon
Leila Mashhadi,Tabriz,Endodontist
Sina Ghazvini,Tabriz,Oral and Maxillofacial Surgeon
Farhad Razavi,Tabriz,Endodontist
Behrouz Esfahani,Tabriz,Oral and Maxillofacial Surgeon
Kaveh Razavi,Tabriz,Oral and Maxillofacial Surgeon
Farhad Khosravi,Tabriz,Endodontist
Dariush Ghazvini,Tabriz,Orthodontist
Farzaneh Tabrizi,Tabriz,Oral and Maxillofacial Surgeon
Behrouz Esfahani,Tabriz,General
Kaveh Tehrani,Tabriz,Endodontist
Simin Tehrani,Tabriz,Prosthodontist
Golnar Tabrizi,Tabriz,Orthodontist
Kaveh Jafari,Tabriz,Endodontist
Dariush Tehrani,Tabriz,Prosthodontist
Farhad Ghazvini,Tabriz,Prosthodontist
Sina Razavi,Tabriz,Orthodontist
Dariush Mashhadi,Tabriz,Prosthodontist
Simin Zandi,Tabriz,Endodontist
Behrouz Razavi,Tabriz,Orthodontist
Farzaneh Zandi,Tabriz,Prosthodontist
Kaveh Razavi,Tabriz,Endodontist
Kaveh Ghazvini,Tabriz,Oral and Maxillofacial Surgeon
Sina Khosravi,Tabriz,General
Sina Tabrizi,Tabriz,Oral and Maxillofacial Surgeon
Nasrin Tehrani,Tabriz,Endodontist
Kaveh Khosravi,Tabriz,Oral and Maxillofacial Surgeon
Farzaneh Zandi,Tabriz,Prosthodontist
Behrouz Shirazi,Tabriz,Prosthodontist
Nasrin Jafari,Tabriz,Oral and Maxillofacial Surgeon
Simin Razavi,Tabriz,Endodontist
Farhad Tabrizi,Tabriz,Endodontist
Simin Zandi,Tabriz,Oral and Maxillofacial Surgeon
Golnar Tehrani,Tabriz,General
Sina Esfahani,Tabriz,Prosthodontist
Leila Tabrizi,Tabriz,General
Behrouz Tehrani,Tabriz,Prosthodontist
Nasrin Zandi,Tabriz,Prosthodontist
Dariush Zandi,Tabriz,General
Farzaneh Jafari,Tabriz,Endodontist
Kaveh Khosravi,Tabriz,Prosthodontist
Nasrin Tehrani,Tabriz,General
Simin Jafari,Tabriz,Endodontist
Sina Esfahani,Tabriz,Prosthodontist
Simin Esfahani,Tabriz,Endodontist
Dariush Khosravi,Shiraz,Prosthodontist
Leila Ghazvini,Shiraz,Oral and Maxillofacial Surgeon
Behrouz Tehrani,Shiraz,Endodontist
Sina Jafari,Shiraz,General
Behrouz Jafari,Shiraz,Oral and Maxillofacial Surgeon
Golnar Shirazi,Shiraz,Prosthodontist
Sina Esfahani,Shiraz,Prosthodontist
Farhad Jafari,Shiraz,Oral and Maxillofacial Surgeon
Farzaneh Zandi,Shiraz,Oral and Maxillofacial Surgeon
Nasrin Tehrani,Shiraz,Orthodontist
Nasrin Esfahani,Shiraz,General
Kaveh Mashhadi,Shiraz,Orthodontist
Dariush Khosravi,Shiraz,Prosthodontist
Kaveh Tehrani,Shiraz,General
Leila Jafari,Shiraz,General
Kaveh Tabrizi,Shiraz,Prosthodontist
Golnar Zandi,Shiraz,Orthodontist
Leila Jafari,Shiraz,Orthodontist
Kaveh Razavi,Shiraz,Prosthodontist
Simin Zandi,Shiraz,Prosthodontist
Simin Mashhadi,Shiraz,General
Farhad Zandi,Shiraz,Orthodontist
Kaveh Shirazi,Shiraz,Oral and Maxillofacial Surgeon
Farzaneh Mashhadi,Shiraz,General
Nasrin Tehrani,Shiraz,General
Kaveh Mashhadi,Shiraz,Oral and Maxillofacial Surgeon
Farzaneh Shirazi,Shiraz,Prosthodontist
Kaveh Tehrani,Shiraz,General
Dariush Zandi,Shiraz,Orthodontist
Golnar Ghazvini,Shiraz,Orthodontist
Behrouz Razavi,Shiraz,Prosthodontist
Farzaneh Mashhadi,Shiraz,General
Dariush Tehrani,Shiraz,Prosthodontist
Nasrin Esfahani,Shiraz,Orthodontist
Kaveh Khosravi,Shiraz,Prosthodontist
Farhad Jafari,Shiraz,Prosthodontist
Golnar Mashhadi,Shiraz,Oral and Maxillofacial Surgeon
Farhad Ghazvini,Shiraz,Oral and Maxillofacial Surgeon
Farhad Ghazvini,Shiraz,Endodontist
Simin Ghazvini,Shiraz,Oral and Maxillofacial Surgeon
Dariush Jafari,Shiraz,Orthodontist
Simin Khosravi,Shiraz,Oral and Maxillofacial Surgeon
Sina Zandi,Shiraz,Prosthodontist
Simin Tehrani,Shiraz,Endodontist
Dariush Esfahani,Karaj,Orthodontist
Behrouz Ghazvini,Karaj,Oral and Maxillofacial Surgeon
Golnar Zandi,Karaj,Orthodontist
Leila Shirazi,Karaj,Prosthodontist
Leila Zandi,Karaj,Oral and Maxillofacial Surgeon
Nasrin Shirazi,Karaj,Endodontist
Leila Jafari,Karaj,General
Farhad Jafari,Karaj,Endodontist
Nasrin Shirazi,Karaj,General
Simin Mashhadi,Karaj,Orthodontist
Behrouz Mashhadi,Karaj,General
Leila Jafari,Karaj,Prosthodontist
Leila Shirazi,Karaj,Endodontist
Kaveh Razavi,Karaj,Endodontist
Sina Shirazi,Karaj,Endodontist
Nasrin Tabrizi,Karaj,Oral and Maxillofacial Surgeon
Nasrin Ghazvini,Karaj,Orthodontist
Simin Ghazvini,Karaj,Prosthodontist
Leila Tabrizi,Karaj,Prosthodontist
Nasrin Khosravi,Karaj,Prosthodontist
Farhad Razavi,Karaj,Oral and Maxillofacial Surgeon
Farzaneh Mashhadi,Karaj,Oral and Maxillofacial Surgeon
Farhad Tehrani,Karaj,Endodontist
Farzaneh Tabrizi,Karaj,General
Dariush Zandi,Karaj,Endodontist
Behrouz Khosravi,Karaj,General
Simin Tabrizi,Karaj,Prosthodontist
Dariush Esfahani,Karaj,Prosthodontist
Behrouz Shirazi,Karaj,Oral and Maxillofacial Surgeon
Farhad Zandi,Karaj,Prosthodontist
Golnar Jafari,Karaj,General
Simin Mashhadi,Karaj,Oral and Maxillofacial Surgeon
Nasrin Esfahani,Karaj,Oral and Maxillofacial Surgeon
Golnar Jafari,Karaj,Orthodontist
Simin Jafari,Karaj,Orthodontist
Kaveh Jafari,Karaj,Orthodontist
Simin Khosravi,Karaj,Oral and Maxillofacial Surgeon
Farhad Tehrani,Karaj,Oral and Maxillofacial Surgeon
Nasrin Zandi,Karaj,Prosthodontist
Farhad Khosravi,Karaj,Prosthodontist
Behrouz Khosravi,Ahvaz,Oral and Maxillofacial Surgeon
Nasrin Mashhadi,Ahvaz,General
Nasrin Khosravi,Ahvaz,General
Leila Zandi,Ahvaz,Endodontist
Simin Razavi,Ahvaz,Prosthodontist
Nasrin Tabrizi,Ahvaz,Prosthodontist
Behrouz Ghazvini,Ahvaz,Prosthodontist
Farhad Mashhadi,Ahvaz,Prosthodontist
Leila Mashhadi,Ahvaz,Orthodontist
Dariush Zandi,Ahvaz,Endodontist
Farzaneh Esfahani,Ahvaz,Endodontist
Kaveh Tabrizi,Ahvaz,Oral and Maxillofacial Surgeon
Kaveh Khosravi,Ahvaz,Prosthodontist
Golnar Mashhadi,Ahvaz,Oral and Maxillofacial Surgeon
Behrouz Jafari,Ahvaz,Oral and Maxillofacial Surgeon
Dariush Esfahani,Ahvaz,Oral and Maxillofacial Surgeon
Simin Ghazvini,Ahvaz,Endodontist
Leila Ghazvini,Ahvaz,Orthodontist
Farhad Jafari,Ahvaz,Orthodontist
Kaveh Razavi,Ahvaz,Prosthodontist
Kaveh Shirazi,Ahvaz,Endodontist
Leila Jafari,Ahvaz,Orthodontist
Farzaneh Zandi,Ahvaz,General
Golnar Tehrani,Ahvaz,Orthodontist
Golnar Khosravi,Ahvaz,Orthodontist
Farzaneh Razavi,Ahvaz,Oral and Maxillofacial Surgeon
Simin Ghazvini,Ahvaz,General
Golnar Ghazvini,Ahvaz,Orthodontist
Simin Esfahani,Ahvaz,General
Golnar Esfahani,Ahvaz,Oral and Maxillofacial Surgeon
Dariush Khosravi,Ahvaz,Prosthodontist
Sina Esfahani,Ahvaz,Orthodontist
Nasrin Tabrizi,Ahvaz,Orthodontist
Simin Tabrizi,Ahvaz,Prosthodontist
Leila Khosravi,Ahvaz,Oral and Maxillofacial Surgeon
Kaveh Tehrani,Ahvaz,Prosthodontist
Leila Jafari,Ahvaz,Endodontist
Farhad Ghazvini,Ahvaz,General
Simin Mashhadi,Ahvaz,Prosthodontist
Simin Zandi,Ahvaz,Endodontist
Dariush Mashhadi,Ahvaz,General
Dariush Ghazvini,Ahvaz,Prosthodontist
Farzaneh Tehrani,Ahvaz,Orthodontist
Leila Esfahani,Ahvaz,General
Kaveh Shirazi,Ahvaz,Oral and Maxillofacial Surgeon
Golnar Khosravi,Ahvaz,Oral and Maxillofacial Surgeon
Leila Shirazi,Ahvaz,Endodontist
Sina Jafari,Ahvaz,Prosthodontist
Sina Jafari,Ahvaz,Orthodontist
Leila Mashhadi,Ahvaz,Endodontist
Farhad Tabrizi,Ahvaz,Orthodontist
Kaveh Khosravi,Ahvaz,General
Dariush Shirazi,Ahvaz,General
Dariush Shirazi,Ahvaz,Orthodontist
Sina Tehrani,Ahvaz,General
Farzaneh Tehrani,Ahvaz,Endodontist
Dariush Razavi,Ahvaz,Orthodontist
Leila Jafari,Ahvaz,Orthodontist
Golnar Tabrizi,Ahvaz,Oral and Maxillofacial Surgeon
Leila Razavi,Ahvaz,Endodontist
Dariush Tehrani,Qom,Orthodontist
Leila Jafari,Qom,Orthodontist
Farhad Jafari,Qom,Endodontist
Dariush Shirazi,Qom,General
Kaveh Khosravi,Qom,Prosthodontist
Nasrin Khosravi,Qom,Endodontist
Behrouz Zandi,Qom,Endodontist
Golnar Khosravi,Qom,Prosthodontist
Simin Tabrizi,Qom,Orthodontist
Farhad Zandi,Qom,Prosthodontist
Farzaneh Jafari,Qom,Endodontist
Nasrin Jafari,Qom,Oral and Maxillofacial Surgeon
Farhad Shirazi,Qom,Prosthodontist
Simin Khosravi,Qom,Orthodontist
Kaveh Jafari,Qom,Orthodontist
Behrouz Zandi,Qom,Oral and Maxillofacial Surgeon
Golnar Esfahani,Qom,Endodontist
Kaveh Tabrizi,Qom,Oral and Maxillofacial Surgeon
Golnar Ghazvini,Qom,Orthodontist
Farhad Esfahani,Qom,Endodontist
Farzaneh Mashhadi,Qom,Prosthodontist
Dariush Tabrizi,Qom,Prosthodontist
Golnar Jafari,Qom,Oral and Maxillofacial Surgeon
Sina Shirazi,Qom,General
Nasrin Tehrani,Qom,Oral and Maxillofacial Surgeon
Farhad Shirazi,Qom,Oral and Maxillofacial Surgeon
Nasrin Mashhadi,Qom,Endodontist
Sina Zandi,Qom,Endodontist
Sina Esfahani,Qom,Orthodontist
Sina Razavi,Qom,Prosthodontist
Behrouz Esfahani,Qom,Oral and Maxillofacial Surgeon
Farhad Tehrani,Qom,Prosthodontist
Dariush Ghazvini,Qom,Oral and Maxillofacial Surgeon
Golnar Khosravi,Qom,General
Dariush Esfahani,Qom,Endodontist
Behrouz Tabrizi,Qom,Orthodontist
Behrouz Shirazi,Qom,Prosthodontist
Golnar Jafari,Qom,General
Farhad Tabrizi,Qom,Endodontist
Farzaneh Jafari,Qom,Prosthodontist
Dariush Mashhadi,Qom,Oral and Maxillofacial Surgeon
Golnar Razavi,Qom,General
Nasrin Jafari,Qom,Endodontist
Nasrin Razavi,Qom,Orthodontist
Leila Shirazi,Qom,Oral and Maxillofacial Surgeon
Behrouz Esfahani,Qom,Orthodontist
Simin Khosravi,Qom,General
Dariush Razavi,Qom,General
Farhad Esfahani,Qom,Oral and Maxillofacial Surgeon
Dariush Esfahani,Qom,Oral and Maxillofacial Surgeon
Dariush Mashhadi,Kermanshah,Prosthodontist
Behrouz Shirazi,Kermanshah,Endodontist
Leila Zandi,Kermanshah,Orthodontist
Simin Khosravi,Kermanshah,General
Dariush Zandi,Kermanshah,Endodontist
Farzaneh Ghazvini,Kermanshah,Endodontist
Sina Razavi,Kermanshah,Orthodontist
Sina Mashhadi,Kermanshah,General
Farhad Khosravi,Kermanshah,Orthodontist
Sina Ghazvini,Kermanshah,Prosthodontist
Farzaneh Shirazi,Kermanshah,Orthodontist
Farhad Shirazi,Kermanshah,General
Dariush Zandi,Kermanshah,General
Dariush Ghazvini,Kermanshah,Endodontist
Nasrin Tabrizi,Kermanshah,Oral and Maxillofacial Surgeon
Sina Tehrani,Kermanshah,Endodontist
Leila Esfahani,Kermanshah,General
Simin Jafari,Kermanshah,Oral and Maxillofacial Surgeon
Leila Razavi,Kermanshah,General
Farzaneh Esfahani,Kermanshah,Oral and Maxillofacial Surgeon
Kaveh Zandi,Kermanshah,Orthodontist
Leila Shirazi,Kermanshah,Oral and Maxillofacial Surgeon
Leila Tabrizi,Kermanshah,Oral and Maxillofacial Surgeon
Farzaneh Khosravi,Kermanshah,Endodontist
Farhad Razavi,Kermanshah,Orthodontist
Behrouz Shirazi,Kermanshah,Endodontist
Simin Razavi,Kermanshah,Prosthodontist
Kaveh Jafari,Kermanshah,Orthodontist
Behrouz Tabrizi,Kermanshah,Prosthodontist
Leila Razavi,Kermanshah,Orthodontist
Kaveh Jafari,Kermanshah,Endodontist
Farzaneh Ghazvini,Kermanshah,Prosthodontist
Simin Mashhadi,Kermanshah,Endodontist
Golnar Jafari,Kermanshah,Oral and Maxillofacial Surgeon
Nasrin Tehrani,Kermanshah,Endodontist
Golnar Zandi,Kermanshah,Endodontist
Farhad Khosravi,Kermanshah,Orthodontist
Kaveh Esfahani,Kermanshah,General
Farhad Shirazi,Kermanshah,General
Leila Esfahani,Kermanshah,Orthodontist
Dariush Tabrizi,Kermanshah,Orthodontist
Golnar Jafari,Kermanshah,Orthodontist
Dariush Khosravi,Kermanshah,Prosthodontist
Leila Shirazi,Kermanshah,Prosthodontist
Dariush Ghazvini,Kermanshah,General
Farzaneh Mashhadi,Kermanshah,General
Leila Esfahani,Kermanshah,Endodontist
Dariush Khosravi,Kermanshah,General
Golnar Razavi,Kermanshah,Orthodontist
Simin Khosravi,Kermanshah,Endodontist
Farzaneh Shirazi,Kermanshah,Prosthodontist
Behrouz Razavi,Kermanshah,General
Kaveh Khosravi,Kermanshah,Endodontist
Farhad Mashhadi,Kermanshah,Oral and Maxillofacial Surgeon
Behrouz Tabrizi,Kermanshah,Endodontist
Leila Jafari,Kermanshah,Orthodontist
Dariush Razavi,Kermanshah,Endodontist
Farzaneh Khosravi,Kermanshah,Orthodontist
Farhad Shirazi,Kermanshah,Endodontist
Golnar Zandi,Kermanshah,General
Sina Jafari,Urmia,Orthodontist
Leila Khosravi,Urmia,Endodontist
Simin Jafari,Urmia,Endodontist
Leila Razavi,Urmia,Orthodontist
Golnar Tehrani,Urmia,Prosthodontist
Leila Razavi,Urmia,Prosthodontist
Farhad Khosravi,Urmia,General
Farzaneh Khosravi,Urmia,General
Kaveh Mashhadi,Urmia,Orthodontist
Sina Zandi,Urmia,Oral and Maxillofacial Surgeon
Golnar Tabrizi,Urmia,General
Leila Tehrani,Urmia,Oral and Maxillofacial Surgeon
Leila Razavi,Urmia,Endodontist
Kaveh Tehrani,Urmia,Orthodontist
Farhad Tabrizi,Urmia,Oral and Maxillofacial Surgeon
Farzaneh Ghazvini,Urmia,Endodontist
Farhad Shirazi,Urmia,Prosthodontist
Behrouz Mashhadi,Urmia,General
Golnar Ghazvini,Urmia,General
Farhad Esfahani,Urmia,Orthodontist
Sina Shirazi,Urmia,Oral and Maxillofacial Surgeon
Farzaneh Razavi,Urmia,General
Sina Mashhadi,Urmia,Oral and Maxillofacial Surgeon
Simin Zandi,Urmia,Orthodontist
Nasrin Jafari,Urmia,Orthodontist
Farzaneh Esfahani,Urmia,Oral and Maxillofacial Surgeon
Sina Tabrizi,Urmia,Oral and Maxillofacial Surgeon
Farhad Shirazi,Urmia,Orthodontist
Nasrin Tabrizi,Urmia,Oral and Maxillofacial Surgeon
Simin Shirazi,Urmia,Oral and Maxillofacial Surgeon
Sina Shirazi,Urmia,Oral and Maxillofacial Surgeon
Golnar Khosravi,Urmia,Oral and Maxillofacial Surgeon
Farzaneh Mashhadi,Urmia,Oral and Maxillofacial Surgeon
Kaveh Khosravi,Urmia,Prosthodontist
Sina Jafari,Urmia,Endodontist
Farzaneh Zandi,Urmia,Orthodontist
Sina Ghazvini,Urmia,Prosthodontist
Sina Shirazi,Urmia,Oral and Maxillofacial Surgeon
Farzaneh Khosravi,Urmia,General
Nasrin Shirazi,Urmia,Endodontist
Sina Khosravi,Urmia,Oral and Maxillofacial Surgeon
Nasrin Jafari,Urmia,Oral and Maxillofacial Surgeon
