medical_file_id,first_name,last_name,national_id,birth_date,gender,city,guardian_id,profile_picture,registration_date
1,مريم,تحسینی,5016995427,1959-02-22,M,شمال كوثر,2,https://dummyimage.com/300x737,2024-04-30
2,ماهان,هدایت,5270910233,1968-06-13,M,شهر النا,21,https://picsum.photos/524/71,2024-05-29
3,رقيه,حریریان,4293853332,1992-03-16,F,استان محمدحسین,1,https://dummyimage.com/412x700,2024-06-24
4,فاطمياسارينا,گلپایگانی,9484109675,1957-08-30,M,شهر ياسين,14,https://picsum.photos/561/695,2024-05-23
5,امیرمحمد,اکبر پور,0930315995,1993-10-08,F,شهرستان آوا,5,https://dummyimage.com/14x786,2024-06-25
6,یوسف,دایی,9629856638,1964-04-25,M,شهرستان ساميار,19,https://placekitten.com/485/198,2024-05-27
7,بهار,مهدیان,0495995738,1973-03-12,F,شرق مبین,2,https://picsum.photos/719/88,2024-06-17
8,زهرا,منصوری,1638249121,1993-08-17,F,باغات آرمين,9,https://dummyimage.com/546x597,2024-05-23
9,حسین,کریمی,1345986718,1996-01-27,F,روستای محمدپارسا,10,https://picsum.photos/102/559,2024-05-18
10,یسنا,رودگر,6132896082,1991-11-21,F,جنوب رقيه,15,https://placekitten.com/866/706,2024-05-12
11,امیرمحمد,حمیدی,3193637599,1986-04-11,M,شمال علی اصغر,13,https://picsum.photos/16/685,2024-05-29
12,معصومه,شادروان,9446724864,1976-06-11,M,دهستان طاها,20,https://dummyimage.com/284x692,2024-05-16
13,علیرضا,ملکیان,7843270779,1963-01-06,F,دهستان زهرا,18,https://dummyimage.com/345x134,2024-06-19
14,كوثر,زارعی,1963677455,1999-11-27,M,شرق سینا,15,https://placekitten.com/274/682,2024-06-06
15,زینب,سعیدی,2789235864,1956-08-13,F,شرق آیناز,2,https://dummyimage.com/787x950,2024-06-19
16,محمدياسين,اکبر پور,3371603016,1993-01-16,M,شهر ریحانه,2,https://picsum.photos/381/471,2024-06-06
17,محمدحسین,موسوی,1769986960,1989-06-30,F,جنوب نازنين,1,https://picsum.photos/702/405,2024-06-25
18,یوسف,دادفر,2789822352,1963-10-03,M,باغات محمدامین,19,https://dummyimage.com/230x696,2024-05-10
19,ملیكا,رفیعی,3373364299,1966-02-21,M,دهستان عرفان,12,https://picsum.photos/179/151,2024-05-14
20,طاها,صیادی,1475484267,1981-12-19,M,غرب سینا,22,https://placekitten.com/180/176,2024-05-11
21,ريحانه,بهمنی,4828049223,1982-02-24,F,شهر پرهام,3,https://picsum.photos/720/291,2024-06-16
22,محمدرضا,زارع,9309452390,1966-04-22,M,استان باران,1,https://picsum.photos/551/156,2024-05-18
23,عرشیا,قاضی,2365409547,1968-07-13,F,روستای مهدیس,5,https://dummyimage.com/333x207,2024-05-26
24,اميرمهدي,میردامادی,4110652502,2000-09-19,F,شمال حسام,15,https://picsum.photos/305/839,2024-05-28
25,عرفان,هوشیار,3902292423,1991-03-23,M,شرق ريحانه,1,https://dummyimage.com/410x424,2024-04-30
26,آريا,صنایعی,1486941621,1996-08-15,F,غرب رضا,8,https://placekitten.com/1004/126,2024-05-04
27,ستایش,شبیری,5826119047,1978-12-27,F,شهرستان النا,9,https://dummyimage.com/584x853,2024-05-25
28,آرین,دایی,9717052972,1967-05-28,M,روستای مبین,5,https://placekitten.com/579/431,2024-05-28
29,علی اكبر,الوندی,4775664786,2001-06-15,F,دهستان ثنا,1,https://picsum.photos/881/576,2024-05-12
30,هستي,اشتری,3556857103,1972-04-15,M,روستای زینب,9,https://dummyimage.com/73x299,2024-05-27
31,محمدمهدي,جلالی,9556318631,1991-06-08,M,شمال محمد,22,https://placekitten.com/20/449,2024-05-20
32,نازنین,علیجانی,4724850477,1953-10-12,M,شرق محمدپارسا,16,https://picsum.photos/549/730,2024-06-06
33,حسین,حریریان,3717765078,1967-10-19,M,استان مليکا,25,https://dummyimage.com/205x204,2024-05-17
34,امیررضا,هوشیار,3540614966,1997-08-05,M,شهر هانيه,12,https://dummyimage.com/519x363,2024-05-15
35,الينا,احمدی,8769568359,1995-05-28,F,دهستان نرگس,1,https://dummyimage.com/603x625,2024-05-21
36,ملیكا,صیادی,1568845561,1997-11-28,F,غرب هليا,19,https://dummyimage.com/882x917,2024-05-19
37,مبینا,اکبر پور,9951469515,1958-08-11,M,شهرستان کوثر,19,https://dummyimage.com/725x288,2024-05-01
38,هانيه,شبیری,7450853604,1973-06-29,M,روستای آيلين,19,https://picsum.photos/247/789,2024-06-09
39,آتنا,میردامادی,7349819633,1961-10-13,M,روستای آريا,8,https://placekitten.com/371/102,2024-04-30
40,مبینا,بهرامی,6859128755,1979-09-12,F,شرق محدثه,23,https://dummyimage.com/117x330,2024-05-24
41,سوگند,شبیری,9985490290,1958-02-23,F,شهرستان مريم,12,https://picsum.photos/674/886,2024-05-13
42,معصومه,جلالی,2544374561,1990-09-13,M,جنوب آرین,8,https://placekitten.com/919/162,2024-06-26
43,آرین,صنایعی,7558276691,1964-08-15,F,باغات مائده,1,https://dummyimage.com/171x456,2024-05-08
44,آرمين,رودگر,9410302749,1998-04-17,F,شهرستان ماهان,23,https://dummyimage.com/948x215,2024-06-02
45,آتنا,عبدالمالکی,4836363179,1953-11-05,M,بندر حسام,2,https://placekitten.com/776/149,2024-06-19
46,محمدپارسا,عباسی,7181995243,1999-02-08,M,غرب محمدیاسین,22,https://dummyimage.com/500x418,2024-05-05
47,الينا,عبدالمالکی,4727151881,1975-11-16,M,شهرستان سجاد,11,https://picsum.photos/713/213,2024-05-29
48,حسام,هدایت,8931949413,1955-10-12,F,دهستان نرگس,16,https://placekitten.com/319/655,2024-06-16
49,كوثر,همدانی,5302572605,1994-06-23,F,جنوب محمدامين,12,https://picsum.photos/661/271,2024-05-30
50,حسين,کابلی,9956089613,1958-11-09,M,روستای نازنين,10,https://dummyimage.com/533x785,2024-06-04
51,نازنين,حسنی,6802238241,1980-04-06,F,بندر حنانه,13,https://placekitten.com/420/80,2024-05-10
52,سجاد,چنگیزی,1304452662,1958-04-30,F,جنوب حسنا,25,https://dummyimage.com/14x340,2024-06-01
53,آرمین,ایروانی,6283640907,2003-07-09,M,جنوب زهرا,23,https://picsum.photos/462/666,2024-05-24
54,محمدجواد,چنگیزی,3281828906,1988-09-03,M,شرق امیرمهدی,11,https://dummyimage.com/58x468,2024-06-08
55,اميرحسين,تنزیلی,1377343510,2001-09-16,M,شمال كیانا,13,https://picsum.photos/661/547,2024-05-01
56,محمدیاسین,یزدی,4409032054,1983-12-06,F,استان هلیا,2,https://placekitten.com/354/352,2024-06-26
57,محمد,سلطانی,2235063683,1957-11-08,F,باغات ساميار,1,https://placekitten.com/87/389,2024-06-04
58,ستايش,ترکاشوند,7743308456,1973-05-31,M,غرب حسام,25,https://placekitten.com/916/763,2024-05-18
59,امیرعباس,الوندی,7757672007,1957-05-20,M,شهرستان هليا,10,https://picsum.photos/385/511,2024-06-15
60,الينا,کریمی,7840131808,1987-05-26,F,جنوب پارسا,1,https://placekitten.com/659/819,2024-06-04
61,آيناز,زارعی,4883171760,1986-07-31,M,شهر محمدحسین,8,https://picsum.photos/717/858,2024-05-31
62,علی اكبر,هدایت,8455479442,2001-06-04,F,غرب نازنین,13,https://dummyimage.com/699x314,2024-06-25
63,هانیه,علیجانی,4869811431,1991-05-08,F,بندر حلما,18,https://placekitten.com/725/675,2024-06-18
64,الناز,نامور,5975575370,1976-02-02,M,غرب رقيه,11,https://picsum.photos/555/653,2024-05-16
65,اميرمحمد,منصوری,8172636611,1955-06-01,F,غرب عسل,19,https://dummyimage.com/715x768,2024-06-21
66,نیما,ربانی,3696129518,1959-10-13,M,شهرستان كوثر,21,https://picsum.photos/857/180,2024-05-15
67,آیلین,روحانی,2408125073,1984-10-16,F,غرب نرگس,1,https://dummyimage.com/313x257,2024-05-29
68,الناز,جلیلی,4373305447,1967-07-13,F,جنوب حنانه,7,https://dummyimage.com/689x933,2024-04-30
69,هلیا,عبدالمالکی,2651126268,1990-11-02,M,شهر هستي,13,https://picsum.photos/853/381,2024-06-25
70,بهار,رسولی,3250328847,2002-02-06,F,غرب مريم,23,https://dummyimage.com/908x472,2024-06-11
71,فاطمه,شبیری,5448653863,1984-02-21,M,بندر ریحانه,21,https://dummyimage.com/222x12,2024-05-25
72,علیرضا,الوندی,8092122245,1963-02-16,M,غرب محمدیاسین,12,https://dummyimage.com/924x366,2024-06-22
73,احسان,جعفر پور,8699746334,1960-12-10,M,جنوب نازنین,2,https://placekitten.com/98/631,2024-06-12
74,سارینا,رفیعی,1023020270,2002-02-11,F,دهستان محمدجواد,12,https://dummyimage.com/658x799,2024-05-26
75,یلدا,ربانی,2393935746,1999-07-02,M,روستای آيلين,3,https://placekitten.com/946/244,2024-06-01
76,زینب,زارع,2926415826,1985-05-10,M,باغات محمد,18,https://dummyimage.com/616x736,2024-05-07
77,ياسين,ایروانی,3297739363,1958-03-04,M,بندر بهار,23,https://dummyimage.com/905x1006,2024-06-19
78,يسنا,جلالی,6258804322,1965-12-14,F,شمال النا,7,https://picsum.photos/779/367,2024-05-22
79,اسرا,جعفر پور,4920271085,1960-05-22,F,شرق محمد طاها,16,https://placekitten.com/802/161,2024-06-08
80,آرمین,احمدی,8969742662,1979-11-21,F,روستای رضا,8,https://dummyimage.com/224x622,2024-06-01
81,پریا,عزیزی,3884994301,1989-05-25,F,شمال علي,9,https://placekitten.com/249/127,2024-06-06
82,ريحانه,علی پور,0961778067,1985-06-05,M,شرق آراد,20,https://placekitten.com/279/1012,2024-05-05
83,حلما,رسولی,9284867010,1979-06-07,M,شهر آوا,7,https://dummyimage.com/905x880,2024-06-03
84,پرنيا,معین,0234512636,1990-12-18,F,شهر آوا,4,https://dummyimage.com/135x397,2024-05-21
85,مریم,حمیدی,4411159155,2002-11-12,M,غرب آتنا,4,https://dummyimage.com/294x653,2024-06-20
86,ياسين,زنجانی,8429703160,1966-10-14,F,شمال النا,23,https://picsum.photos/443/581,2024-05-20
87,محمدياسين,ایروانی,5805011506,1970-01-23,M,دهستان پریا,20,https://dummyimage.com/726x690,2024-05-26
88,آرش,ضرغامی,2013338112,1997-01-23,M,غرب هليا,8,https://dummyimage.com/682x611,2024-05-04
89,آيلين,هنری,1887597271,1956-09-19,M,غرب زینب,22,https://picsum.photos/679/876,2024-05-31
90,علي,تحسینی,8508679841,1958-10-04,M,شرق آرتين,12,https://picsum.photos/356/561,2024-06-03
91,بنیامین,اشرفی,3490484975,1954-02-14,M,استان الینا,7,https://picsum.photos/877/638,2024-05-19
92,یوسف,رسته,4376710921,1993-12-27,M,شمال اسما,22,https://dummyimage.com/460x321,2024-05-08
93,سوگند,شادروان,1123537100,1977-11-14,F,روستای آتنا,20,https://dummyimage.com/125x702,2024-06-02
94,عباس,ضابطی,0831294515,1958-12-13,M,باغات فاطمه,1,https://placekitten.com/740/725,2024-05-22
95,آيدا,محمدی,6528576009,1985-05-17,F,شمال رضا,9,https://dummyimage.com/476x361,2024-05-24
96,کيان,ولاشجردی,3851875265,1977-03-29,F,بندر آوا,3,https://dummyimage.com/532x295,2024-06-24
97,ماهان,کمالی,4368469518,1970-09-15,F,شمال مهسا,14,https://placekitten.com/585/459,2024-06-18
98,نيايش,میردامادی,4335567741,1982-05-10,M,شرق طاها,7,https://dummyimage.com/866x140,2024-05-14
99,اسما,قاضی,8274179412,1997-11-01,M,غرب کيانا,21,https://dummyimage.com/367x213,2024-06-14
100,مهديس,موحد,2370818816,1995-07-21,F,استان محمدپارسا,1,https://dummyimage.com/336x886,2024-06-08
101,مریم,سلطانی,9743951342,1992-12-05,M,روستای رها,12,https://placekitten.com/739/476,2024-05-29
102,اسرا,مجتبوی,9255520131,2001-11-20,M,شرق محمدیاسین,20,https://dummyimage.com/349x808,2024-05-03
103,محمدامين,موحد,3712707932,1973-08-03,F,جنوب آرش,1,https://placekitten.com/714/475,2024-06-23
104,ساميار,نامور,2302823389,1963-03-31,M,جنوب محمد,11,https://placekitten.com/936/788,2024-05-02
105,آيدا,دادفر,8259950065,1973-12-03,F,شمال مهسا,23,https://placekitten.com/396/730,2024-06-06
106,معصومه,حسنی,3117716904,1961-01-18,M,روستای نازنين,18,https://placekitten.com/81/562,2024-06-19
107,رها,شمشیری,4848724066,1973-01-20,F,غرب ماهان,17,https://picsum.photos/245/48,2024-05-12
108,ثنا,زارعی,1314317873,1967-09-15,F,شهر ماهان,10,https://picsum.photos/870/655,2024-06-26
109,طاها,عبدالعلی,8944006725,1956-09-18,M,شهرستان مهسا,3,https://picsum.photos/548/607,2024-05-30
110,الناز,بهرامی,7903066153,1954-05-15,F,دهستان مبينا,13,https://picsum.photos/123/230,2024-05-07
111,نيايش,سمسار,2665026473,1983-12-07,M,شهر آرتین,17,https://dummyimage.com/360x174,2024-06-09
112,آتنا,نوروزی,0434157937,1956-06-16,M,شمال عرشیا,18,https://placekitten.com/364/218,2024-06-08
113,رها,موحد,6684788263,1972-07-23,M,روستای آیناز,11,https://placekitten.com/99/329,2024-06-25
114,امیر علی,حریریان,6105936567,1994-12-13,M,استان امیر علی,15,https://picsum.photos/520/294,2024-04-29
115,عسل,جلیلی,2192406312,1980-04-11,F,روستای محیا,4,https://dummyimage.com/503x524,2024-04-29
116,زهرا,مجتبوی,4599906174,1983-09-21,M,باغات امیر علی,6,https://placekitten.com/778/429,2024-05-12
117,آیدا,چنگیزی,5424432425,1983-06-20,M,دهستان ریحانه,20,https://picsum.photos/759/335,2024-05-30
118,محمدپارسا,مهدیان,3471126546,1957-12-12,M,شهر محمد مهدی,17,https://picsum.photos/229/525,2024-05-09
119,امیر علی,سرخوشیان,0168512955,1966-12-29,M,بندر آوا,9,https://picsum.photos/625/53,2024-06-03
120,محمدياسين,زنجانی,9197504688,1957-10-17,F,دهستان پرنيا,3,https://placekitten.com/609/660,2024-06-08
121,ریحانه,قاضی,9650285830,1984-04-27,M,شمال كوثر,24,https://dummyimage.com/678x6,2024-06-25
122,عسل,عزیزی,9130550297,1970-09-19,F,شرق آيلين,21,https://placekitten.com/560/92,2024-06-15
123,اسرا,مجتبوی,0293408440,1966-08-02,M,غرب باران,25,https://placekitten.com/353/69,2024-05-04
124,ساميار,شادروان,0428751075,1983-10-18,M,جنوب يوسف,12,https://dummyimage.com/579x200,2024-06-20
125,آريا,حمیدی,2579264371,1983-03-03,M,استان مبين,13,https://picsum.photos/839/105,2024-06-08
126,ماهان,شاکری,6676053659,1998-09-29,F,غرب آرمين,20,https://dummyimage.com/92x493,2024-06-11
127,دانيال,کابلی,1649239092,1996-08-18,M,استان نازنین زهرا,8,https://placekitten.com/227/834,2024-05-28
128,ياسمين,وثاق,6537799821,1985-06-03,F,شرق علي,2,https://dummyimage.com/432x575,2024-06-01
129,محمدحسین,معین,7984466361,1994-03-13,M,شمال ياسمين,24,https://placekitten.com/8/95,2024-06-14
130,علی اكبر,علی پور,5133213891,1993-11-15,F,بندر كوثر,19,https://dummyimage.com/817x143,2024-06-18
131,سارینا,همدانی,7645393815,1972-12-19,F,شمال کيانا,11,https://dummyimage.com/154x569,2024-06-05
132,سجاد,جلالی,1459294882,1978-09-09,M,بندر علي,6,https://placekitten.com/1013/645,2024-04-30
133,فاطمه,کریمی,1374764280,1987-02-14,F,بندر نازنين,18,https://picsum.photos/1006/166,2024-05-25
134,آرش,محجوب,4183551595,1960-01-04,F,دهستان ابوالفضل,24,https://placekitten.com/157/807,2024-06-21
135,اسرا,زارعی,1254086234,1983-08-31,F,شهرستان اسما,8,https://picsum.photos/741/399,2024-05-06
136,عسل,سرخوشیان,9307901384,1991-02-06,M,شهر ستایش,3,https://placekitten.com/271/495,2024-06-17
137,آوا,دادفر,7859488892,1964-03-02,M,جنوب نرگس,17,https://dummyimage.com/703x629,2024-06-15
138,علي,اشرفی,6617154266,1958-08-22,F,باغات مهدیس,6,https://picsum.photos/507/839,2024-06-23
139,دانيال,جلیلی,3041539926,1987-10-23,F,شهرستان ابوالفضل,22,https://dummyimage.com/170x595,2024-04-30
140,ثنا,فرجی,3196936236,1962-05-30,M,غرب ابوالفضل,18,https://dummyimage.com/359x239,2024-05-14
141,آراد,سماوات,8540648474,1972-08-26,M,شهر عرشیا,8,https://picsum.photos/185/947,2024-05-02
142,عسل,علی شاهی,9499204792,1977-05-18,F,استان رضا,17,https://placekitten.com/478/475,2024-06-26
143,اسما,دادفر,7726463147,1959-07-31,F,روستای امیرمهدی,24,https://picsum.photos/721/269,2024-05-14
144,نازنین,اکبر پور,9261310842,1971-08-20,F,باغات کيانا,13,https://placekitten.com/78/775,2024-05-29
145,پارسا,سماوات,1351017731,1965-05-10,M,باغات اسما,12,https://placekitten.com/578/983,2024-06-16
146,ساميار,ایروانی,0031956890,1977-09-20,F,شرق اسرا,22,https://placekitten.com/888/544,2024-05-01
147,آیناز,علی پور,8014783141,1999-03-09,M,بندر محمدمهدي,22,https://picsum.photos/1/140,2024-05-13
148,احسان,شبیری,8878780316,1980-02-14,M,روستای عسل,25,https://dummyimage.com/652x953,2024-05-09
149,حلما,ایروانی,0167201557,1961-05-12,M,باغات سينا,4,https://picsum.photos/704/875,2024-05-11
150,سوگند,جعفر پور,3257656068,1954-04-22,M,دهستان مبینا,9,https://dummyimage.com/194x194,2024-06-20
151,آیلین,موسوی,5533671005,1973-02-05,M,شرق ثنا,1,https://picsum.photos/616/766,2024-05-18
152,حلما,فرجی,8788217434,1992-04-17,M,شمال اميررضا,19,https://placekitten.com/400/611,2024-05-26
153,کيانا,ملکیان,4571610051,2001-03-27,F,بندر حسین,24,https://dummyimage.com/1012x73,2024-06-15
154,حسام,الوندی,2024808395,1988-02-18,F,روستای امیرحسین,9,https://placekitten.com/620/288,2024-05-07
155,محمدپارسا,منصوری,1608595641,1991-12-08,M,جنوب سجاد,16,https://placekitten.com/927/257,2024-05-20
156,ماهان,حمیدی,0008466890,1977-11-06,F,بندر آرمین,15,https://dummyimage.com/289x95,2024-06-04
157,حلما,معین,2840301598,1987-10-16,M,شهر ماهان,22,https://picsum.photos/324/503,2024-05-15
158,نرگس,محجوب,2816275663,1997-02-20,F,جنوب اسما,15,https://placekitten.com/358/713,2024-05-23
159,رقيه,صیادی,3027613375,2003-08-10,M,شمال نرگس,23,https://picsum.photos/997/220,2024-05-03
160,بنيامين,محمدی,7438251977,1979-06-08,F,باغات نازنین,15,https://picsum.photos/470/990,2024-05-08
161,سوگند,صارمی,1454863595,1962-09-16,F,دهستان محمدياسين,9,https://picsum.photos/934/513,2024-06-16
162,عرشیا,نعمتی,8661246482,2000-12-09,M,باغات ماهان,11,https://placekitten.com/694/271,2024-06-04
163,باران,جهانی,5879480089,1971-12-06,F,استان عسل,11,https://dummyimage.com/217x642,2024-05-13
164,آيدا,فرجی,6547013995,1978-08-28,F,شمال مليکا,4,https://picsum.photos/394/674,2024-06-13
165,عسل,هومن,7595512891,1964-05-20,F,بندر علی رضا,6,https://placekitten.com/566/658,2024-05-29
166,نازنين,هومن,7423081701,1961-04-30,F,روستای ايليا,15,https://picsum.photos/149/875,2024-05-02
167,ياسين,وثاق,0025362593,2001-06-13,M,جنوب هانیه,8,https://picsum.photos/732/932,2024-05-29
168,ساميار,محجوب,8852481001,2002-01-07,F,استان هستي,19,https://picsum.photos/416/968,2024-05-07
169,محمد,مجتهدی,6635927107,1976-12-18,F,غرب ابوالفضل,12,https://placekitten.com/987/88,2024-05-17
170,سبحان,ظفری,4675110282,1972-04-27,M,شرق باران,18,https://picsum.photos/333/64,2024-06-10
171,پارسا,کرمانی,3089242737,1981-01-13,F,شهر نیایش,20,https://picsum.photos/941/135,2024-05-05
172,محمد مهدی,شادروان,5569836217,1959-11-18,F,شرق علي,1,https://picsum.photos/318/74,2024-05-05
173,احسان,اشرفی,5656172449,1967-01-01,F,بندر آریا,4,https://dummyimage.com/702x503,2024-05-10
174,فاطمه,کرمانی,0881205796,1990-06-28,F,جنوب مهسا,9,https://picsum.photos/416/956,2024-05-12
175,محمدامین,ضرغامی,5678667051,1981-12-08,M,جنوب رقيه,6,https://dummyimage.com/872x552,2024-06-16
176,باران,لاچینی,0427094410,1981-07-26,F,شمال اسما,24,https://picsum.photos/798/271,2024-05-07
177,محمدپارسا,الوندی,5614074589,1975-04-24,M,شمال سجاد,6,https://picsum.photos/753/757,2024-05-22
178,حسام,پارسا,7088891360,1957-09-20,F,دهستان آیدا,18,https://placekitten.com/368/872,2024-06-07
179,مهديس,صیادی,6466284107,1989-03-01,M,شرق آرتين,16,https://dummyimage.com/726x393,2024-05-12
180,مبینا,فرجی,8795921540,1981-05-03,M,شهرستان مریم,4,https://placekitten.com/241/30,2024-05-16
181,اميرعباس,نعمتی,4618791071,1957-10-29,M,غرب مهسا,24,https://placekitten.com/529/614,2024-06-15
182,آراد,دایی,7418777523,1986-08-09,F,باغات اميرعلي,11,https://picsum.photos/222/759,2024-06-25
183,محمدپارسا,حریریان,9917492690,1994-09-18,M,شهرستان ايليا,16,https://picsum.photos/170/548,2024-05-08
184,فاطمه,نوروزی,0488151449,1970-10-18,M,جنوب یگانه,4,https://picsum.photos/785/756,2024-06-22
185,ریحانه,نیلوفری,5988723969,2004-01-03,M,جنوب رقیه,18,https://placekitten.com/246/75,2024-06-26
186,علي,ولاشجردی,8611426126,1981-12-24,M,دهستان آیناز,13,https://placekitten.com/420/46,2024-06-17
187,عباس,زمانی,8405690621,1972-01-22,F,شرق محمدياسين,16,https://dummyimage.com/666x824,2024-06-07
